"jlcd","图片路径 （vr中用不上，暂时保留）","显示名称（不填就显示DAName)","自定义的（CloneObjs相对路径)"
"Id","ImgPath","Name","CustomClonePath"
,,,
"1_0",,,"Screw/fangyouluoshuan"
"1_1",,,"Screw/jiyoulvqinqi"
"2_0",,,"paiqiqiguanzongchen 1"
"2_1",,,"paiqiqiguanzongchengerezhao"
"2_2_0",,,"Screw/Screw_10"
"3_0_0",,,"Screw/Screw_8_S"
"3_2",,,"lengqueqizongcheng"
"3_3",,,"lengqueqichendian"
"4_1",,,"shuibengzongchen"
"4_2",,,"shuibengketichundian"
"5_1",,,"jieqimentichendian"
"5_2",,,"jiqimentizongchen"
"6_1",,,"jinqiqiguanzongchen"
"6_2",,,"jinqiqiguanchendian"
"7_0",,,"qimentingzhushuidongdaoguan"
"7_2",,,"ranyoubenshebengzongchen"
"8_0",,,"chushuikouchundian"
"8_1",,,"chushuikouzongchen"
"9_1",,,"zhengkongbengzongchen"
"9_2",,,"zhenkongbengchentuo"
"10_0_0",,,"Screw/Screw_10_M_L"
"10_1_0",,,"dianhuoxianquanzongchen"
"10_2_0",,,"Screw/huohuasai"
"201_0",,,"qimenshigaijian"
"201_1_0",,,"Screw/tulunzhougaishuangtouluoshuan"
"201_2_0",,,"Screw/tulunzhougailuoshuan"
"201_3",,,"tulunzhougaichendian"
"203_0",,,"EN-44226-1"
"203_1",,,"Screw/quzhouniuzhuanjianzhenqiluoshuan"
"203_2",,,"quzhouniuzhuanjianzhenqi"
"204_0_0",,,"Screw/qiangailuoshuan1"
"204_1_0",,,"Screw/qiangailuoshuan2"
"204_2_0",,,"Screw/qiangailuoshuan3"
"204_3_0",,,"Screw/qiangaishuangtouluoshuan4"
"204_4",,,"zhengshiliangai"
"205_0",,,"zhengshiliantiaodaoban 1"
"205_1_0",,,"Screw/zhengshiliantiaoshangdaobanluoshuan"
"205_2_0",,,"Screw/zhengshiliantiaozhangjinqiluoshuan"
"205_3",,,"zhengshiliantiaozhanjinqizongchen"
"205_4",,,"zhengshiliantiaoqichundian"
"205_5_0",,,"Screw/zhengshiliantiaodaobanluoshuan3"
"205_6",,,"zhengshiliantiaozhangjinqitipianzongchen"
"205_7_0",,,"Screw/zhengshiliantiaodaobanluoshuan"
"205_8",,,"zhengshiliantiaodaoban4"
"205_9",,,"zhengshiliantiao"
"206_0_0",,,"Screw/tulunzhouweizhizhixingqiluoshuan"
"206_1",,,"jinqicezhengshiliantiao"
"206_2",,,"paiqicezhengshiliantiao"
"206_3",,,"EN-44226-3"
"301_0_0",,,"Screw/tulunzhouzhouchenggailuoshuan"
"301_1_0",,,"tulunzhougudingpian"
"301_2",,,"jinqitulunzhouzongcheng"
"301_5",,,"paiqitulunzhouzongcheng"
"307_0_0",,,"qimenyaobi"
"308_0_0",,,"jianxitiaojieqi"
"401_0_0",,,"Screw/qiganggailuoshuan"
"401_1",,,"qiganggai"
"401_2",,,"qigangdian"
"501_0_0",,,"Screw/youdikeluoshuan1"
"501_1",,,"xiayouke"
"501_2_0",,,"Screw/mx6"
"501_3_0",,,"Screw/mx10"
"501_4_0",,,"Screw/youdikeduanluoshuan"
"501_5",,,"shangyouke"
"502_0",,,"jiyoubengchuandongliantiao"
"502_1_0",,,"jiyoubengluoshuan"
"502_2",,,"jiyoubengzongchen"
"503_0_0",,,"daoliubanluoshuan"
"503_1",,,"Daoliubang"
"702_0_0",,,"Screw/quzhouluoshuan1_L"
"702_0_1",,,"Screw/quzhouluoshuan1_S"
"702_2",,,"xiaquzhouxiang"
"703_0_0",,,"quzhoushangzhouchen"
"703_2_0",,,"quzhouxiazhouchen"
